{
  "version": 2,
  "functions": {
    "api/chat.js":             { "maxDuration": 60 },
    "api/webhook-stripe.js":   { "maxDuration": 10 },
    "api/user.js":             { "maxDuration": 10 },
    "api/create-checkout.js":  { "maxDuration": 10 }
  },
  "headers": [
    {
      "source": "/api/(.*)",
      "headers": [
        { "key": "Access-Control-Allow-Origin", "value": "*" },
        { "key": "Access-Control-Allow-Methods", "value": "GET, POST, OPTIONS" },
        { "key": "Access-Control-Allow-Headers", "value": "Content-Type, Authorization" }
      ]
    }
  ]
}
